StateAbbr,BPHIGH_CrudePrev,CANCER_CrudePrev,CHD_CrudePrev,CSMOKING_CrudePrev,DIABETES_CrudePrev,HIGHCHOL_CrudePrev,OBESITY_CrudePrev,SLEEP_CrudePrev,TEETHLOST_CrudePrev
AL,43.8,5.7,7.7,24.4,16.8,39.2,41.9,46.5,26.1
AL,30.7,6.6,5.0,14.1,8.1,35.9,28.6,34.6,9.6
AL,36.8,6.6,6.5,19.1,11.5,38.9,33.8,39.2,14.9
AL,42.0,6.5,7.7,22.8,13.8,39.9,34.7,41.6,24.3
AL,40.3,6.0,6.7,22.0,13.1,37.4,38.9,41.1,21.2
AL,32.6,4.6,5.4,21.9,10.3,35.0,32.3,39.5,20.9
AK,26.8,5.3,4.2,17.9,7.2,34.8,30.2,34.0,12.6
AZ,24.8,4.3,4.1,17.3,9.2,32.7,29.8,37.0,15.3
AZ,24.0,5.6,3.9,13.8,7.3,32.5,24.9,33.7,9.7
AZ,22.1,5.3,3.3,13.6,6.2,30.9,24.1,33.2,7.9
AZ,28.2,5.8,5.3,17.7,9.9,36.1,29.1,36.0,14.6
AZ,29.4,7.1,5.9,16.4,9.5,37.1,27.5,34.2,13.4
AZ,28.8,7.4,5.4,14.4,8.8,36.5,25.7,33.1,11.0
AZ,27.5,5.5,5.1,17.8,9.8,35.4,29.8,36.2,14.4
AZ,29.7,8.7,5.6,11.2,8.3,37.7,23.3,29.8,7.8
AZ,31.0,8.2,6.1,14.4,9.5,38.1,26.2,32.7,10.1
AZ,21.6,4.8,3.7,15.2,6.5,30.5,24.2,33.8,10.6
AZ,26.8,5.5,5.8,17.8,10.3,36.6,28.9,34.4,13.7
AZ,30.6,5.6,6.5,17.3,11.7,36.9,32.2,35.4,16.2
AR,24.9,4.5,4.3,20.5,6.5,29.9,26.1,33.3,15.8
AR,37.9,6.4,7.9,22.8,12.0,39.8,31.7,37.7,21.5
AR,33.9,6.0,6.4,21.7,9.5,36.2,33.0,35.5,18.9
AR,37.2,6.1,6.0,19.0,11.2,37.0,33.9,36.6,15.9
AR,31.8,5.3,6.4,24.5,10.4,35.7,32.5,36.7,24.4
CA,25.8,6.2,4.5,10.7,8.2,31.4,17.7,32.2,7.6
CA,27.7,5.1,4.7,11.6,11.3,35.4,17.4,38.3,9.1
CA,25.2,4.8,4.7,14.2,9.6,33.4,22.6,34.2,11.4
CA,27.5,5.4,4.9,15.8,9.7,33.1,25.6,38.3,12.1
CA,34.2,6.9,6.9,17.1,11.4,38.5,30.0,35.8,12.7
CA,25.4,5.1,5.0,15.9,9.9,31.5,29.8,35.1,13.6
CA,25.8,4.0,4.6,14.5,11.7,33.7,25.8,39.2,12.6
CA,27.1,4.8,4.7,15.5,10.5,32.6,25.9,39.4,11.6
CA,20.9,5.1,3.6,10.6,6.1,27.1,17.5,30.5,6.5
CA,25.7,5.0,4.6,12.8,9.6,33.9,20.0,34.1,9.7
CA,25.4,6.3,4.6,12.6,8.1,32.1,21.1,34.3,7.7
CA,26.0,7.3,4.7,10.2,7.0,32.8,20.7,31.3,7.0
CA,30.4,5.4,4.8,12.4,11.8,34.3,23.0,39.4,9.8
CA,24.0,5.4,4.6,16.2,6.9,31.0,23.7,32.9,10.7
CA,25.7,4.3,4.0,14.5,8.8,32.2,27.9,36.7,10.9
CA,24.7,4.6,3.4,10.8,7.8,32.3,22.0,35.0,7.1
CA,25.5,5.0,4.5,12.1,9.5,32.5,24.4,36.0,11.3
CA,30.5,6.5,5.9,16.5,8.8,33.1,26.3,31.9,12.6
CA,27.0,5.9,5.0,13.7,8.7,32.7,25.8,29.7,10.4
CA,31.2,4.2,5.3,18.7,13.5,32.9,32.5,43.3,19.1
CA,26.2,6.1,4.9,14.1,8.7,33.5,23.1,35.3,9.3
CA,25.4,4.8,4.2,14.3,8.4,30.9,26.1,37.2,11.2
CA,23.0,5.0,4.3,13.8,7.6,31.1,21.5,32.1,9.5
CA,27.2,5.0,4.3,10.3,9.8,32.2,17.1,35.0,8.6
CA,25.4,5.0,4.5,12.7,10.0,32.2,24.7,36.7,10.0
CA,28.4,6.0,5.7,17.9,9.4,34.4,26.7,36.9,14.6
CA,27.7,5.1,4.2,13.0,8.3,30.5,22.8,33.5,9.7
CA,28.0,4.1,5.3,16.4,13.0,35.9,25.0,40.6,14.7
CA,26.9,5.6,5.3,15.7,9.3,33.9,26.1,36.5,14.4
CA,28.0,5.4,5.0,14.6,9.6,32.5,27.4,35.4,12.3
CA,25.7,5.7,3.9,11.9,6.5,29.1,22.3,30.5,7.6
CA,26.3,3.8,4.2,15.9,9.9,32.3,31.0,38.4,14.6
CA,22.7,5.0,3.6,9.6,7.5,29.6,15.1,33.1,6.9
CA,28.9,5.0,5.7,16.9,11.3,34.1,30.0,32.9,15.3
CA,24.9,5.4,4.7,12.4,8.7,33.2,19.6,32.5,8.7
CA,27.2,4.8,5.1,14.5,10.9,35.9,19.7,35.8,11.8
CA,28.3,6.9,5.6,14.0,9.5,34.8,21.4,35.0,9.7
CA,27.8,4.3,4.4,16.2,10.9,31.2,28.4,41.1,12.3
CA,25.6,4.9,4.6,13.7,9.4,30.5,22.0,35.8,11.5
CA,37.8,8.5,9.5,17.6,13.3,40.2,29.4,36.9,17.2
CA,30.5,5.2,6.0,18.9,11.0,36.2,32.1,37.8,16.1
CA,25.8,6.6,4.9,12.0,7.9,33.8,19.5,30.3,7.0
CA,30.2,5.7,6.2,15.8,11.4,35.6,30.2,37.8,14.2
CA,32.9,4.8,5.2,16.8,13.4,32.9,31.7,42.7,14.4
CA,20.4,4.8,3.2,9.5,6.3,29.7,15.0,31.0,5.9
CA,23.4,5.6,4.1,11.2,7.3,31.8,19.3,30.8,8.2
CA,26.2,5.9,4.4,12.8,8.8,32.4,21.6,36.3,8.1
CA,28.2,5.0,5.1,17.8,10.4,32.6,27.5,39.6,13.6
CA,23.8,6.0,4.3,12.2,7.1,29.9,20.4,31.1,7.7
CA,26.5,5.1,4.5,15.1,9.8,31.9,24.6,38.2,10.2
CA,26.7,5.1,4.8,14.8,10.4,32.6,25.0,37.7,11.3
CA,26.5,3.5,4.7,18.0,12.3,32.5,31.4,41.5,17.7
CA,28.4,5.5,5.2,16.3,9.6,33.7,28.0,35.1,12.8
CA,32.8,7.7,7.1,14.5,10.6,36.3,26.3,35.6,12.4
CA,28.6,4.8,5.8,18.3,11.3,33.3,29.0,36.0,16.3
CA,22.2,4.4,3.4,10.0,8.4,30.4,15.7,36.3,7.6
CA,26.2,7.1,4.9,10.6,7.8,34.1,18.9,29.2,6.5
CA,30.8,6.0,6.0,17.1,10.4,35.3,29.1,35.4,13.7
CA,28.1,4.3,4.7,17.4,10.4,31.9,30.4,40.7,15.4
CA,20.3,5.3,3.4,9.0,6.4,27.7,18.4,31.7,6.0
CA,26.4,5.8,4.6,14.0,7.8,31.5,24.6,36.0,9.5
CA,28.1,6.6,5.6,14.7,8.8,34.1,25.2,30.6,11.3
CA,26.1,7.8,5.0,8.9,7.1,33.9,17.5,26.9,5.3
CA,26.0,4.7,4.6,13.4,10.8,33.0,24.8,38.0,10.9
CA,28.9,5.2,5.0,14.6,10.6,30.8,24.0,36.3,12.9
CA,27.0,6.2,5.1,13.8,8.7,33.4,24.2,35.1,11.1
CA,26.9,4.1,4.5,16.2,10.2,33.2,31.2,38.1,14.6
CA,24.4,5.4,4.6,13.0,8.3,32.7,20.9,31.9,9.4
CA,26.5,4.3,4.8,14.4,10.7,32.7,26.7,32.8,14.4
CA,27.3,4.6,4.8,17.2,10.8,32.6,28.1,39.6,13.6
CA,26.0,5.9,4.5,11.5,8.9,31.7,21.6,35.0,8.0
CA,26.8,3.6,4.7,18.4,10.7,31.4,32.3,41.5,18.6
CA,23.5,6.3,4.0,9.4,6.8,30.1,17.3,29.9,6.1
CA,25.9,4.2,4.6,15.5,11.0,32.5,26.8,39.1,13.1
CA,25.8,4.9,3.9,13.2,8.0,31.9,26.2,35.3,8.9
CA,30.6,7.5,6.8,16.6,9.4,35.6,23.6,32.9,12.9
CA,28.3,6.2,5.0,13.1,8.7,34.5,25.7,33.5,8.8
CA,22.4,6.0,3.5,10.1,6.4,29.7,19.0,32.6,5.1
CA,25.3,5.6,4.3,11.7,8.0,29.6,23.3,32.0,8.3
CA,29.2,4.2,4.9,17.1,11.3,34.0,33.2,39.4,17.0
CA,30.0,5.2,5.2,15.8,11.5,33.9,27.1,40.0,14.4
CA,26.4,4.9,4.8,15.9,9.1,31.9,27.3,38.1,13.6
CA,26.6,6.8,4.9,12.3,7.5,33.1,21.6,31.2,8.3
CA,30.3,5.2,5.3,15.9,10.1,32.1,26.3,34.6,14.1
CA,25.5,4.2,5.1,15.7,10.6,33.9,32.0,35.9,15.2
CA,31.5,4.4,6.0,20.1,12.7,36.0,34.6,40.1,19.3
CA,27.8,6.6,5.1,12.4,8.5,33.2,23.0,28.9,9.2
CA,24.1,5.3,4.1,12.3,7.7,30.9,21.9,34.7,9.3
CA,25.0,5.2,4.4,11.3,8.6,32.1,18.8,33.7,9.4
CA,23.2,5.0,4.0,11.5,8.7,30.6,20.5,35.1,8.9
CA,28.4,5.9,5.3,12.9,10.1,32.8,20.3,34.9,10.7
CA,24.8,5.6,4.6,13.7,8.0,31.8,23.6,35.1,11.6
CA,26.6,6.4,4.6,10.6,8.1,30.5,20.8,31.3,7.6
CA,21.2,5.4,3.1,8.8,6.2,29.9,16.8,33.2,4.9
CA,25.0,3.7,4.8,16.5,11.1,33.7,26.1,36.3,14.8
CA,26.6,6.3,4.9,11.7,8.3,32.7,23.8,30.8,8.9
CA,20.3,4.9,3.4,9.7,6.7,27.8,17.5,33.4,7.3
CA,24.3,5.8,4.1,12.8,7.7,31.4,21.8,34.8,7.4
CA,27.9,4.8,5.6,16.7,11.0,34.5,29.3,35.9,17.2
CA,24.3,6.8,4.2,10.0,7.0,30.8,19.5,31.7,5.5
CA,27.6,6.7,5.3,14.4,8.4,33.4,23.2,30.7,9.5
CA,25.8,6.0,4.3,12.1,7.7,31.9,21.5,29.2,8.6
CA,25.6,3.8,4.8,15.8,12.1,33.4,29.6,39.3,14.1
CA,30.6,5.0,5.8,17.0,12.0,35.1,28.3,37.9,16.4
CA,21.1,5.3,3.5,8.8,6.9,28.6,16.9,32.9,6.2
CA,24.8,5.4,4.1,13.8,7.3,30.5,24.2,36.1,8.9
CA,27.4,7.1,4.8,10.2,7.7,33.3,20.3,27.2,7.4
CA,26.3,6.5,4.4,10.0,8.5,33.5,17.3,34.6,6.2
CA,25.8,4.7,4.1,14.6,8.7,31.2,26.2,35.9,11.9
CA,28.5,5.9,5.5,15.8,9.3,33.8,27.3,34.2,13.1
CA,23.1,4.8,4.0,12.6,8.1,31.5,20.3,33.1,9.3
CA,25.0,4.8,4.1,11.0,9.3,31.4,16.5,35.2,8.8
CA,29.1,5.8,5.1,14.0,9.4,35.0,27.5,35.1,9.9
CA,27.4,5.8,4.9,14.6,8.7,32.3,27.5,33.8,10.4
CA,31.5,5.6,5.6,14.4,11.6,35.0,27.3,36.8,13.1
CA,30.5,4.7,5.5,19.1,11.2,34.6,33.1,39.7,16.8
CA,27.9,5.6,5.4,14.6,9.6,34.0,30.4,32.9,12.9
CA,25.5,5.3,4.8,15.6,8.5,32.4,25.9,36.4,13.2
CA,26.3,5.2,4.4,11.4,10.2,33.4,21.1,36.9,8.7
CA,29.6,5.4,5.8,14.2,11.9,38.0,18.1,35.8,12.3
CA,25.4,5.6,4.6,11.8,9.4,32.3,24.0,35.1,8.6
CO,25.0,7.1,4.8,16.0,6.5,33.1,21.0,26.4,9.7
CO,26.9,5.2,4.5,19.1,8.1,31.3,24.4,33.7,14.7
CO,17.5,4.7,3.4,13.4,4.1,25.5,15.9,25.2,8.6
CO,25.7,6.8,4.1,13.1,6.3,31.9,19.1,27.9,7.7
CO,24.6,6.0,4.8,18.0,7.2,33.4,22.2,30.1,12.4
CO,23.7,5.4,4.3,17.7,7.2,29.2,20.4,28.4,13.0
CO,18.5,5.1,3.6,15.2,4.8,25.5,18.0,24.4,9.6
CO,24.4,5.5,5.1,18.6,7.6,34.3,27.0,31.2,15.2
CO,24.9,6.8,5.0,16.3,6.8,33.0,21.3,26.8,10.5
CO,24.2,6.2,5.0,15.6,6.6,30.8,19.5,27.5,12.3
CO,24.9,7.3,5.3,15.4,6.7,30.6,19.6,24.6,10.2
CO,31.6,6.6,6.8,18.6,11.0,37.6,29.9,34.2,15.5
CO,22.0,4.7,3.8,18.2,6.6,29.7,25.0,32.0,14.0
CO,22.5,5.5,4.0,16.5,6.3,30.6,22.3,29.4,12.4
CT,30.2,5.1,5.8,20.7,11.3,34.6,31.5,40.8,16.5
CT,25.3,5.9,5.0,17.6,8.0,33.7,25.1,35.7,11.4
CT,34.8,4.6,6.1,23.1,13.5,35.8,36.7,41.9,24.8
CT,31.5,5.9,6.1,20.7,10.4,36.1,31.1,36.9,19.3
CT,30.7,4.8,5.0,19.4,10.5,31.9,33.1,42.3,16.6
CT,26.5,6.4,5.0,14.9,8.2,33.8,25.0,34.6,9.2
CT,26.0,6.3,4.9,14.1,8.0,33.3,24.3,34.5,9.6
CT,35.1,6.3,6.8,21.6,12.2,37.2,34.6,41.7,16.8
DE,37.6,5.6,6.2,22.9,13.9,35.2,36.7,44.2,19.9
DC,28.2,5.1,4.1,18.4,8.7,30.9,24.9,34.9,11.7
FL,28.9,8.2,6.5,12.1,8.6,38.6,22.2,33.2,7.8
FL,34.3,8.0,7.9,16.8,11.5,39.6,27.4,39.0,13.2
FL,31.4,7.4,7.0,19.1,10.6,36.1,26.8,33.3,12.6
FL,33.1,7.9,7.7,20.3,11.1,36.4,26.4,36.0,15.0
FL,27.3,5.7,4.7,16.2,9.0,34.4,26.6,36.8,9.9
FL,27.0,6.0,5.0,15.8,9.0,35.2,25.7,35.5,9.8
FL,36.6,8.2,8.2,19.4,12.8,40.3,29.1,37.8,14.6
FL,32.5,6.4,6.9,20.3,11.6,38.2,29.6,37.0,14.8
FL,34.0,6.9,6.8,18.8,11.8,38.1,29.4,37.9,12.1
FL,21.6,4.1,4.1,18.7,6.9,27.7,24.4,34.9,13.5
FL,33.9,5.6,8.8,16.6,17.1,41.6,30.6,35.9,15.6
FL,32.5,6.8,6.7,17.8,11.8,38.4,29.1,37.2,12.0
FL,33.3,5.9,6.0,20.5,10.6,35.5,31.2,37.9,15.9
FL,36.3,8.1,8.9,19.1,13.3,40.3,32.0,36.0,16.7
FL,36.1,9.0,9.2,20.9,12.1,39.0,26.1,35.4,16.5
FL,39.9,6.1,7.0,22.7,15.0,37.1,35.6,45.4,17.9
FL,32.9,7.9,7.7,19.0,11.2,39.6,30.0,36.5,15.0
FL,32.5,5.3,7.8,18.1,15.0,38.3,29.7,37.0,16.9
FL,27.0,5.8,6.0,14.6,10.2,34.9,24.4,32.9,10.2
FL,37.6,5.1,6.7,22.4,14.7,35.8,33.3,43.6,18.0
FL,28.6,4.5,4.0,15.5,10.3,31.9,29.9,40.6,10.8
FL,29.3,4.9,5.2,18.8,10.0,33.4,26.4,36.5,16.4
FL,33.5,7.0,7.3,21.3,12.0,39.4,33.1,39.0,16.0
FL,37.4,8.6,8.6,18.3,12.3,40.9,28.1,34.0,13.9
FL,30.3,6.5,5.8,13.5,11.0,36.1,26.7,36.1,11.5
FL,29.4,6.8,5.3,14.7,9.5,35.5,25.9,35.6,9.1
FL,36.7,7.7,8.1,20.8,13.1,40.3,30.5,38.7,14.5
FL,32.3,7.2,7.4,20.2,11.4,36.7,28.9,36.5,14.2
FL,32.5,7.0,6.9,20.9,11.1,34.6,27.4,37.8,15.4
FL,33.3,6.7,6.5,17.1,12.0,37.1,29.0,38.4,13.2
FL,23.3,4.4,4.0,18.9,7.3,27.5,27.4,36.5,12.1
FL,30.6,5.4,5.8,19.9,11.1,33.8,27.1,37.9,16.8
FL,31.9,6.5,6.9,16.9,11.4,37.7,28.3,39.9,13.5
GA,42.6,5.6,7.3,24.6,15.0,36.7,40.2,46.5,25.6
GA,28.4,4.2,4.5,19.9,8.5,31.0,29.0,37.3,18.2
GA,33.4,4.9,5.1,17.9,11.0,31.3,30.7,40.5,19.1
GA,39.4,5.6,6.6,22.2,13.5,36.1,35.8,43.9,22.9
GA,37.7,5.8,6.3,20.2,12.7,36.5,36.8,42.7,19.5
GA,26.8,5.5,3.6,11.4,7.1,32.5,21.4,34.1,7.0
GA,44.8,5.9,8.2,25.3,16.7,39.2,40.3,45.4,28.7
GA,28.9,6.2,4.5,13.4,7.7,33.4,25.1,33.8,8.1
GA,27.9,5.8,4.2,13.4,7.2,31.3,24.9,34.9,8.6
GA,38.1,5.5,6.1,20.6,12.8,35.3,36.7,44.0,22.2
GA,36.2,5.4,5.8,22.0,10.8,34.3,35.2,41.1,20.2
HI,31.5,5.6,4.3,14.0,9.3,36.0,21.7,47.4,7.1
ID,27.8,6.2,4.9,13.6,7.4,36.0,26.6,29.0,13.0
ID,26.6,5.9,4.4,13.7,6.9,34.5,26.9,29.1,12.1
ID,28.6,5.7,5.8,19.5,9.3,37.3,34.0,34.3,18.4
IL,29.4,7.9,5.6,12.5,7.8,36.4,24.7,29.6,8.9
IL,26.4,4.5,4.6,17.8,9.4,33.3,33.8,36.5,18.9
IL,27.1,5.9,4.8,15.9,7.8,32.3,29.8,33.4,14.0
IL,27.4,4.6,4.3,16.3,9.1,32.5,30.8,38.8,13.7
IL,22.5,4.2,3.6,17.5,6.5,30.7,27.8,33.4,13.2
IL,31.5,5.0,5.6,18.5,11.3,34.0,33.5,37.5,18.5
IL,27.4,3.8,5.3,19.8,11.5,35.0,36.9,37.8,20.9
IL,37.0,7.4,7.8,22.1,12.1,39.0,34.0,35.5,18.9
IL,27.4,5.1,5.0,17.5,9.3,35.1,33.1,35.7,15.8
IL,26.1,5.9,4.3,12.6,7.2,32.0,25.3,31.7,9.5
IL,28.4,5.1,5.2,19.4,9.5,33.3,33.2,38.8,17.0
IL,25.5,6.0,4.0,11.6,7.1,33.1,24.8,31.1,8.2
IL,26.3,6.1,4.6,14.6,7.5,34.0,26.4,31.8,9.7
IL,32.5,6.4,6.5,19.9,10.6,35.6,33.4,36.6,17.1
IL,34.9,6.7,7.3,21.6,12.0,39.0,36.6,36.8,20.4
IL,26.5,6.2,4.6,13.7,7.4,33.9,24.1,32.3,10.1
IL,33.2,7.0,6.4,19.1,10.2,37.8,31.6,34.3,15.5
IL,31.5,4.4,5.7,20.8,11.9,36.1,36.6,37.9,22.6
IN,19.6,3.9,3.7,20.4,5.3,29.3,25.6,34.6,14.1
IN,28.9,6.7,4.6,11.4,7.3,34.8,26.8,29.4,7.9
IN,33.8,6.9,7.6,22.8,11.4,37.9,35.1,38.7,19.1
IN,24.2,5.1,3.3,13.0,5.8,30.2,27.8,31.1,7.8
IN,32.2,6.3,6.7,20.9,10.7,37.2,31.8,36.1,16.2
IN,49.2,6.2,9.7,26.0,21.0,42.1,45.3,51.3,30.4
IN,34.5,5.7,7.3,23.3,13.0,39.1,36.6,43.7,22.9
IN,29.9,5.7,6.0,23.1,10.8,37.2,33.5,39.4,19.0
IN,28.8,6.0,6.1,22.0,9.0,36.7,35.3,37.9,17.7
IN,31.0,5.6,6.7,25.3,9.7,37.4,33.5,38.0,20.4
IN,36.2,6.4,7.6,23.3,12.3,37.9,36.4,40.3,21.3
IA,29.3,6.6,5.4,18.4,8.2,35.2,34.1,28.7,13.8
IA,29.2,6.6,5.8,19.6,9.1,36.7,35.7,32.9,14.7
IA,28.1,5.9,5.5,20.4,9.1,36.0,32.7,31.3,15.2
IA,19.3,4.3,3.4,17.1,5.4,28.3,25.2,27.0,10.3
IA,29.2,6.4,6.0,21.7,9.6,38.3,34.0,32.7,16.8
IA,33.1,6.9,6.5,20.6,10.5,37.5,35.0,32.9,16.4
KS,35.0,5.6,6.8,24.7,13.3,38.9,41.1,36.6,24.4
KS,20.4,4.5,3.6,17.3,5.5,28.4,27.9,27.9,12.2
KS,24.6,5.4,4.2,14.7,7.0,34.9,30.0,28.6,10.9
KS,26.7,6.7,4.8,11.7,7.4,37.2,27.7,26.5,8.7
KS,35.2,7.0,6.4,22.9,10.8,40.4,37.6,30.9,16.8
KS,31.8,6.2,6.0,21.5,10.3,39.3,35.9,32.6,18.2
KY,32.6,5.7,5.8,21.5,9.5,33.3,30.3,37.4,19.2
KY,39.7,6.7,7.5,25.9,11.8,37.8,35.1,37.6,19.0
LA,36.9,5.5,6.2,18.8,12.0,35.0,34.4,35.9,19.4
LA,36.0,6.2,6.7,20.1,12.4,39.2,35.4,37.5,16.3
LA,35.4,5.9,6.4,18.9,10.8,35.8,33.7,34.5,18.3
LA,41.5,6.4,7.6,23.1,13.8,39.2,40.3,38.3,23.0
LA,38.0,5.3,6.4,21.4,13.5,35.5,34.4,38.4,21.5
LA,42.8,6.2,7.4,23.2,13.9,39.1,39.7,40.3,21.4
ME,27.5,6.4,5.3,16.9,7.9,35.0,27.0,30.3,13.7
MD,38.1,5.6,6.3,24.8,13.6,34.7,34.0,44.2,20.1
MA,25.1,4.7,4.4,16.4,8.5,28.7,21.9,36.4,17.6
MA,36.0,6.4,6.8,24.8,11.6,35.5,34.4,45.6,24.7
MA,20.4,4.5,3.1,12.5,5.5,26.7,20.0,33.6,12.4
MA,34.3,7.0,7.7,26.2,11.3,39.6,32.3,43.4,28.5
MA,28.4,4.4,6.3,21.8,12.9,35.9,33.6,42.8,23.8
MA,28.3,5.2,5.3,20.3,9.7,34.8,25.1,38.7,23.0
MA,29.5,5.6,6.2,21.5,10.7,35.5,29.5,41.7,20.0
MA,34.5,6.9,7.7,25.6,11.9,39.4,33.2,44.0,28.0
MA,26.4,7.2,4.5,9.9,7.1,33.6,19.4,30.3,10.1
MA,29.4,6.4,5.3,15.9,8.4,33.8,20.9,36.7,15.0
MA,21.2,4.6,3.5,15.2,6.0,27.5,21.9,34.6,16.7
MA,31.7,5.4,7.2,23.8,12.8,36.0,35.7,43.1,24.6
MA,30.1,5.8,5.8,21.9,9.4,34.9,29.6,40.0,20.1
MI,19.1,4.6,3.4,15.5,5.6,29.3,21.3,31.0,7.4
MI,32.6,6.9,7.4,26.4,9.3,38.6,31.3,38.5,15.0
MI,46.6,5.6,8.7,31.2,17.4,39.9,44.7,50.5,25.7
MI,32.0,7.4,5.7,15.1,8.6,38.8,26.0,35.0,9.0
MI,41.0,5.6,8.5,31.6,15.8,40.5,41.6,44.0,25.4
MI,30.1,5.8,6.0,21.5,9.9,34.3,31.9,35.4,14.0
MI,26.4,4.9,5.4,23.6,8.6,31.8,32.6,34.4,15.4
MI,31.1,5.4,6.1,23.0,10.2,36.6,36.0,36.5,17.2
MI,32.3,8.3,6.5,17.9,8.0,38.6,26.7,34.7,9.1
MI,29.2,7.2,5.2,14.9,7.6,38.4,24.5,33.8,8.2
MI,41.7,7.0,6.8,18.6,13.2,39.6,35.1,42.5,13.3
MI,32.9,7.0,6.7,20.8,9.8,39.2,32.3,35.7,12.4
MI,29.7,7.0,5.3,14.5,8.0,39.1,23.6,34.0,8.5
MI,35.6,7.1,7.7,24.3,11.1,40.3,35.3,38.0,15.8
MI,33.6,7.0,6.7,24.3,9.3,38.0,31.4,39.8,13.7
MI,28.4,5.7,5.6,22.3,9.1,34.6,31.2,35.0,14.4
MN,27.8,7.6,5.4,14.2,7.8,34.3,22.8,28.1,7.9
MN,25.3,5.2,4.1,17.7,7.6,30.8,25.2,33.1,9.7
MN,24.9,6.4,5.6,20.4,8.0,32.3,28.4,30.1,13.4
MN,22.7,4.8,3.9,17.8,6.9,28.7,25.2,31.2,10.7
MN,23.6,6.6,4.1,12.2,6.3,31.3,21.4,27.0,6.0
MN,23.0,6.5,4.7,15.0,7.1,31.0,27.3,29.5,9.2
MN,23.5,5.5,4.6,19.9,8.2,29.9,26.0,31.3,13.3
MS,40.8,5.9,6.7,25.0,12.8,36.6,35.7,38.9,20.7
MS,43.9,5.3,6.4,23.1,14.8,34.7,39.5,43.6,24.0
MO,23.4,4.7,4.1,20.6,7.0,30.9,27.1,29.7,13.7
MO,34.5,7.5,7.6,23.9,11.6,42.8,35.1,33.0,18.9
MO,33.4,5.9,6.1,22.6,11.8,37.6,37.1,35.7,19.6
MO,28.9,6.9,5.2,17.2,8.4,37.7,31.2,30.6,12.1
MO,27.0,6.0,4.5,19.6,7.3,31.8,29.5,33.2,13.1
MO,33.9,6.9,6.9,24.9,10.8,39.6,34.0,37.3,21.3
MO,34.0,5.5,6.5,25.8,12.9,33.0,35.5,39.0,24.6
MO,30.4,6.6,6.6,25.2,10.0,36.6,33.9,33.6,20.5
MT,28.8,7.2,5.8,18.8,7.8,32.6,25.9,29.5,15.9
MT,20.9,5.7,4.5,19.4,5.9,30.0,22.3,29.0,13.4
NE,23.9,5.8,4.6,17.5,7.0,33.3,29.6,30.5,10.4
NE,29.4,6.1,5.4,21.3,9.2,35.0,31.7,32.6,13.9
NV,26.2,6.6,5.5,16.9,8.6,34.8,24.3,36.0,13.0
NV,27.4,5.8,6.0,20.0,10.2,35.1,27.8,39.0,18.1
NV,25.7,4.4,5.0,21.9,10.1,32.5,29.8,41.8,21.7
NV,27.0,6.0,5.6,20.2,8.6,37.4,24.5,33.6,16.2
NV,27.7,6.2,5.6,20.4,8.9,38.0,25.0,33.9,17.2
NH,28.5,6.4,5.7,20.1,8.8,34.6,29.2,36.5,16.3
NH,28.3,6.7,5.5,17.3,8.7,34.7,27.8,35.4,14.3
NJ,37.1,3.9,6.6,27.5,15.3,35.6,39.8,51.0,29.4
NJ,30.7,6.1,5.6,15.2,9.3,34.7,27.5,38.3,11.9
NJ,32.2,4.4,5.7,19.9,12.4,34.5,32.8,43.9,20.0
NJ,28.8,4.2,4.5,17.3,9.8,30.6,23.6,44.3,18.1
NJ,35.0,4.3,6.0,23.0,13.3,33.4,37.7,48.5,24.7
NJ,31.9,3.9,6.1,21.2,13.3,35.5,36.5,44.1,21.5
NJ,35.8,4.2,6.4,21.7,14.5,35.9,38.5,46.0,22.1
NJ,35.4,4.5,6.2,25.5,13.6,36.0,36.9,45.7,29.6
NJ,30.5,4.1,5.9,19.1,13.1,34.9,30.0,43.6,20.7
NM,26.5,5.7,5.3,18.0,9.6,34.7,25.7,32.7,14.1
NM,28.1,5.8,5.9,16.0,10.2,33.0,30.5,31.5,14.4
NM,25.7,5.9,4.9,16.4,8.3,31.4,25.8,32.2,13.0
NM,27.0,7.2,5.8,14.9,9.5,32.8,21.2,26.3,11.1
NY,28.9,5.3,5.0,19.6,8.9,32.1,28.0,38.6,16.6
NY,36.1,5.6,6.5,23.3,12.4,34.7,37.2,43.2,22.8
NY,35.6,6.0,6.1,18.2,12.6,36.9,31.0,46.4,17.5
NY,28.7,6.6,5.7,14.1,9.4,36.8,24.4,39.2,13.4
NY,28.4,5.3,5.3,16.4,10.7,34.4,24.7,41.0,15.9
NY,31.4,4.9,6.0,24.6,11.6,32.4,34.6,42.4,22.6
NY,31.2,5.9,6.1,23.7,9.7,35.6,30.8,41.3,19.5
NY,28.8,5.3,6.3,24.5,10.4,33.5,29.7,39.1,21.2
NY,29.6,6.3,6.1,16.2,10.5,37.9,26.2,40.7,14.3
NC,30.9,7.1,6.4,16.8,9.0,34.7,24.1,29.7,14.3
NC,25.2,5.7,4.1,12.3,6.7,31.6,20.6,28.7,9.2
NC,30.5,5.0,4.7,17.2,9.1,32.2,28.9,34.7,15.7
NC,32.5,6.0,5.9,19.9,9.4,33.6,31.7,33.9,18.4
NC,29.7,5.0,4.8,17.3,9.2,30.3,27.0,33.9,16.4
NC,34.6,5.2,5.4,19.9,10.0,32.7,32.8,39.7,18.3
NC,37.6,6.7,7.5,23.1,11.9,38.4,32.7,38.4,22.4
NC,33.2,5.8,5.7,19.8,10.0,35.0,31.8,34.8,16.7
NC,27.6,4.4,4.6,21.0,8.1,29.5,27.3,34.5,18.6
NC,35.5,6.2,6.7,21.7,11.3,37.3,32.6,35.1,19.4
NC,22.0,3.3,3.3,22.2,5.5,26.5,25.9,35.2,18.2
NC,26.8,4.9,4.3,16.4,7.7,30.0,24.8,32.2,13.1
NC,29.1,6.3,6.0,19.1,9.1,33.3,26.7,31.8,15.7
NC,35.3,6.1,6.7,21.1,11.4,35.4,32.0,36.0,17.7
ND,24.1,5.3,4.3,17.3,6.2,32.5,29.8,28.7,10.6
OH,36.5,6.2,7.2,26.4,13.0,36.4,34.2,43.7,23.8
OH,36.8,6.5,8.2,27.3,13.7,36.4,37.8,41.1,24.5
OH,34.1,5.4,6.4,23.1,12.6,35.4,34.3,38.6,22.4
OH,40.7,5.6,8.3,28.2,16.7,36.1,39.8,45.2,28.9
OH,29.7,5.0,5.2,22.9,9.9,31.6,31.5,40.5,19.8
OH,40.8,5.8,8.2,27.1,15.5,38.5,38.7,45.2,27.7
OH,32.5,7.6,7.1,20.8,10.0,35.3,28.5,35.7,15.5
OH,35.6,6.0,7.4,25.0,12.6,34.3,32.9,39.8,21.6
OH,43.3,6.7,9.8,29.2,18.0,39.6,39.6,45.0,29.4
OK,31.5,6.1,5.6,19.0,8.4,35.5,30.4,34.2,13.8
OK,27.2,6.1,4.9,16.0,7.6,33.9,25.2,31.7,11.9
OK,32.6,5.1,5.8,25.0,9.7,33.9,35.2,39.3,23.3
OK,29.0,5.3,5.1,19.6,7.6,34.1,31.4,33.6,15.0
OK,32.6,5.8,6.4,21.4,10.8,36.2,31.3,36.0,19.3
OK,35.4,6.1,6.9,21.9,10.7,37.4,33.6,36.3,18.5
OR,24.5,5.9,4.5,14.8,8.3,33.5,29.5,32.6,12.5
OR,24.5,6.7,5.0,16.2,7.8,33.2,23.7,30.0,11.5
OR,24.0,6.2,5.1,17.3,8.2,34.1,27.8,30.8,10.7
OR,27.1,6.0,5.4,21.3,9.6,36.1,28.1,31.2,17.6
OR,22.6,5.1,4.0,15.9,7.6,31.6,30.1,33.7,13.0
OR,30.4,7.6,7.1,21.0,10.5,38.6,29.1,32.3,17.3
OR,24.4,5.8,4.5,17.3,8.1,33.1,25.4,29.6,13.4
OR,29.2,6.4,5.6,18.0,9.2,34.4,32.2,31.6,15.0
PA,33.9,5.8,7.1,22.9,12.6,36.0,37.5,41.9,20.7
PA,31.0,6.8,6.5,19.6,10.2,34.6,32.1,37.5,15.7
PA,31.4,6.3,7.2,25.2,11.0,35.1,34.7,36.6,21.9
PA,32.9,5.6,6.3,22.2,12.2,34.6,30.6,43.9,19.0
PA,30.7,6.0,6.0,19.7,10.0,34.9,32.2,39.5,17.6
PA,33.8,5.0,7.6,26.3,14.7,37.2,42.6,41.2,27.5
PA,33.3,7.1,7.7,23.9,10.9,37.4,31.2,38.4,19.5
RI,31.8,7.5,6.1,16.5,9.0,34.4,26.0,38.2,13.8
RI,33.2,6.6,6.6,20.9,10.6,34.7,30.3,42.1,19.6
RI,28.2,4.7,5.2,19.2,9.9,30.9,29.3,41.9,19.0
RI,35.0,8.0,6.1,17.3,8.7,36.3,27.2,35.9,13.5
SC,28.9,5.7,4.6,17.0,8.4,33.9,24.7,34.1,13.2
SC,29.4,4.4,4.7,20.1,9.2,31.1,32.2,40.0,17.6
SC,28.0,6.8,4.4,13.7,7.1,35.5,22.1,30.5,8.3
SC,34.2,4.9,5.5,24.0,11.3,35.6,32.0,40.9,21.9
SC,34.2,5.4,5.5,19.0,10.5,33.5,33.6,40.0,17.2
SD,30.5,7.1,6.8,21.1,8.9,34.5,29.2,28.0,15.5
SD,25.9,6.3,5.3,19.1,7.5,30.4,31.8,27.5,15.0
TN,40.1,6.5,7.6,24.7,13.7,37.8,32.7,37.4,22.3
TN,31.3,4.8,4.8,25.2,9.0,32.4,31.8,38.7,19.4
TN,34.9,6.1,6.5,23.2,10.6,36.5,33.1,38.3,21.4
TN,41.8,5.4,7.0,24.7,14.9,36.7,37.7,39.9,26.8
TN,28.4,4.9,4.5,19.7,7.8,32.7,32.5,36.9,18.7
TN,32.9,5.5,5.6,21.5,10.4,35.6,32.5,36.6,19.7
TX,30.3,5.8,6.1,19.4,10.2,36.8,33.3,34.8,14.5
TX,24.2,4.9,3.5,13.2,7.0,33.7,29.2,33.5,8.1
TX,31.6,6.2,6.2,18.9,10.7,37.4,33.1,32.8,14.8
TX,28.7,5.0,4.9,17.5,9.6,34.7,30.9,36.1,12.9
TX,22.5,4.4,3.7,14.7,7.5,30.3,26.5,29.6,10.4
TX,31.3,5.5,6.3,18.8,12.4,38.9,34.3,36.0,16.7
TX,36.5,5.8,6.7,20.8,13.5,37.7,36.7,37.7,18.3
TX,32.0,4.3,6.8,15.4,15.5,38.2,37.5,35.1,19.6
TX,27.6,4.8,5.1,16.7,10.1,33.7,32.4,33.3,14.3
TX,28.0,5.1,4.6,15.2,9.2,35.4,28.7,32.6,10.9
TX,16.1,2.8,2.5,14.4,4.6,24.2,24.1,29.3,9.6
TX,32.5,5.5,6.2,18.0,13.3,38.2,36.1,35.2,14.3
TX,31.7,4.8,5.6,18.7,11.7,36.1,36.4,35.4,17.3
TX,24.4,4.6,4.2,17.4,7.5,31.9,27.3,32.1,12.0
TX,26.7,3.7,5.0,13.9,12.4,35.0,35.7,32.1,13.2
TX,31.1,4.9,6.1,14.6,13.9,36.3,34.0,33.8,14.5
TX,29.5,4.8,5.3,18.4,10.7,34.7,32.5,36.6,17.0
TX,22.6,4.7,3.1,12.4,6.3,31.2,27.4,32.0,7.2
TX,31.7,5.2,5.7,18.3,11.1,38.0,33.9,34.4,15.2
TX,29.0,4.5,4.7,17.1,10.1,34.6,33.7,35.6,15.5
TX,30.4,4.8,5.6,17.6,12.5,36.9,34.1,36.5,15.9
TX,27.0,4.3,4.6,16.6,9.3,33.9,31.8,34.0,15.8
TX,28.3,3.8,4.0,20.7,8.8,31.0,35.0,38.4,14.1
TX,29.6,3.8,6.3,17.8,14.8,36.0,39.5,33.6,19.2
TX,27.8,5.3,3.9,15.4,7.3,32.3,28.4,32.0,8.5
TX,25.0,4.4,4.0,16.5,7.9,31.6,28.1,33.2,13.0
TX,34.5,6.4,6.6,19.8,11.4,37.7,34.4,35.5,15.5
TX,29.6,5.2,5.5,17.4,9.7,36.7,33.5,32.9,13.5
TX,30.4,4.8,6.3,13.0,14.3,38.1,35.5,31.4,14.3
TX,25.0,5.1,3.9,14.6,7.5,33.7,31.4,33.9,10.8
TX,31.6,5.2,5.6,19.0,10.5,36.8,35.1,34.6,15.6
TX,30.8,5.9,5.4,16.5,9.8,35.9,33.2,33.6,12.9
TX,30.8,5.0,6.6,13.6,14.2,38.5,35.8,31.5,14.9
TX,32.1,5.3,4.5,13.1,10.7,35.5,31.3,37.0,9.8
TX,30.7,5.4,5.7,17.6,10.8,35.6,33.4,35.2,16.1
TX,28.5,4.9,5.8,18.1,11.9,38.5,34.0,35.0,16.0
TX,27.0,5.0,3.9,13.7,8.1,33.1,28.2,31.9,9.1
TX,31.6,4.5,6.9,15.9,15.8,39.6,39.0,33.4,16.9
TX,26.3,5.6,4.1,12.6,8.0,36.0,28.3,33.0,8.3
TX,28.3,6.1,4.9,12.8,8.4,36.3,27.4,30.8,9.1
TX,26.2,4.5,3.7,15.0,7.8,31.8,31.5,31.8,10.0
TX,29.9,6.0,6.3,17.7,11.0,37.5,30.5,32.7,15.2
TX,29.4,4.9,5.7,14.7,12.1,37.0,34.4,36.8,13.8
TX,28.0,5.8,4.3,10.7,9.0,36.7,23.6,33.0,7.5
TX,33.4,6.3,6.7,19.0,11.8,37.0,33.0,34.7,14.6
TX,31.3,5.2,6.2,21.4,11.4,36.5,34.8,34.9,17.5
TX,32.0,5.8,6.2,19.6,10.2,37.9,33.7,32.9,16.8
UT,23.1,5.3,3.9,10.6,6.7,33.0,25.8,32.6,10.5
UT,27.4,5.4,5.3,15.2,9.1,36.3,30.6,36.8,18.7
UT,20.6,5.1,3.9,8.1,6.5,31.3,25.7,31.4,12.6
UT,15.6,3.4,2.7,9.3,4.6,26.6,24.6,31.8,11.8
UT,29.6,7.7,7.1,9.9,9.0,38.9,25.0,30.4,13.0
UT,22.4,5.1,4.1,10.9,7.5,31.8,24.9,32.1,13.5
UT,23.4,6.0,4.0,9.5,7.0,33.3,23.4,30.5,10.2
UT,20.0,4.4,3.1,11.5,6.3,29.9,25.0,33.0,11.7
UT,24.3,4.6,4.5,14.0,9.0,34.0,28.5,35.3,18.7
VT,18.8,4.6,3.9,16.2,5.1,26.0,19.7,27.7,14.0
VA,26.1,5.2,3.6,14.2,7.5,30.2,26.2,35.5,8.8
VA,32.9,6.0,5.0,17.7,10.3,35.5,32.9,38.1,13.3
VA,37.6,5.9,5.7,19.9,12.4,34.6,35.8,44.1,16.1
VA,31.3,6.0,5.9,20.3,10.4,35.4,29.5,36.6,16.9
VA,34.0,5.5,5.2,21.7,10.9,33.6,33.2,41.6,15.3
VA,30.3,4.7,4.7,20.0,10.1,30.9,32.8,39.4,17.9
VA,38.1,6.2,6.3,22.1,12.9,35.7,36.5,39.7,19.5
VA,33.2,5.2,5.5,20.7,11.7,33.1,32.0,39.3,19.3
VA,36.0,6.7,6.7,21.9,12.3,36.8,34.0,38.7,17.3
VA,37.2,6.1,5.5,19.2,11.7,35.7,35.0,39.5,15.9
VA,29.5,5.8,4.5,17.5,8.4,33.8,28.5,36.3,11.1
WA,27.8,6.0,5.2,17.4,8.4,35.6,27.1,33.6,14.4
WA,24.7,6.6,4.0,9.4,6.7,33.5,19.4,29.0,6.8
WA,23.5,5.9,5.1,16.2,7.1,34.9,24.9,26.7,12.4
WA,28.6,6.0,5.5,18.4,8.4,35.9,29.9,35.9,13.0
WA,28.1,5.9,4.9,16.0,8.8,35.4,26.2,33.8,12.4
WA,29.4,6.1,5.8,18.5,9.0,39.7,30.8,33.1,15.5
WA,27.2,5.4,4.7,17.3,8.6,34.6,26.8,34.7,13.4
WA,26.0,5.5,4.2,14.3,7.8,33.5,24.0,33.4,10.9
WA,23.4,5.6,3.8,11.9,6.6,31.3,22.3,30.2,8.5
WA,29.3,6.6,6.0,19.4,8.7,37.1,29.3,32.5,14.3
WA,30.2,7.1,6.1,18.4,8.8,37.9,28.9,32.1,13.3
WA,32.1,6.4,5.8,18.6,9.2,38.4,32.1,37.8,14.1
WA,29.1,6.6,5.8,18.6,8.8,36.6,29.5,34.3,12.9
WA,30.0,6.4,6.8,19.9,10.9,37.9,35.1,33.8,18.7
WV,39.5,7.5,8.6,22.8,13.1,37.1,35.8,37.6,22.6
WI,27.0,6.3,5.3,18.2,7.4,33.5,30.2,28.7,12.7
WI,29.9,6.0,5.9,21.4,8.5,34.8,32.6,31.9,15.5
WI,28.8,5.9,5.7,20.7,8.5,34.6,33.3,33.5,17.4
WI,21.5,5.1,3.9,16.0,5.8,30.1,25.7,30.3,9.9
WI,34.0,5.0,5.6,24.8,11.1,34.4,37.1,40.8,19.8
WI,32.8,5.9,6.0,22.9,9.9,35.4,36.8,36.4,18.3
WI,26.1,6.1,4.8,17.8,7.0,34.3,27.4,29.8,11.9
WY,29.9,6.8,6.2,21.0,8.9,35.3,29.3,31.1,16.0
